auroc,auprc,accuracy,precision,recall,f1,sensitivity,specificity,ppv,npv,brier,tn,fp,fn,tp,fold,threshold
0.9465277777777777,0.8152482490698316,0.9305555555555556,0.8181818181818182,0.75,0.782608695652174,0.75,0.9666666666666667,0.8181818181818182,0.9508196721311475,0.1641470305785963,116,4,6,18,1,0.6100000000000001
0.8711805555555556,0.568499240670944,0.8541666666666666,0.5555555555555556,0.625,0.5882352941176471,0.625,0.9,0.5555555555555556,0.9230769230769231,0.2668122714055797,108,12,9,15,2,0.6100000000000001
0.9475694444444446,0.7704721465331424,0.8958333333333334,0.6451612903225806,0.8333333333333334,0.7272727272727273,0.8333333333333334,0.9083333333333333,0.6451612903225806,0.9646017699115044,0.15716660453787615,109,11,4,20,3,0.5300000000000001
0.867361111111111,0.6706969399620407,0.8888888888888888,0.7,0.5833333333333334,0.6363636363636364,0.5833333333333334,0.95,0.7,0.9193548387096774,0.3425359146098937,114,6,10,14,4,0.6500000000000001
0.8892361111111112,0.6947428309835707,0.8472222222222222,0.53125,0.7083333333333334,0.6071428571428571,0.7083333333333334,0.875,0.53125,0.9375,0.3639495747204723,105,15,7,17,5,0.6500000000000001
