auroc,auprc,accuracy,precision,recall,f1,sensitivity,specificity,ppv,npv,brier,tn,fp,fn,tp,fold,threshold,best_iteration
0.9465277777777777,0.8152482490698316,0.8402777777777778,0.5116279069767442,0.9166666666666666,0.6567164179104478,0.9166666666666666,0.825,0.5116279069767442,0.9801980198019802,0.1641470305785963,99,21,2,22,1,0.5,65
0.8711805555555556,0.568499240670944,0.4027777777777778,0.21818181818181817,1.0,0.3582089552238806,1.0,0.2833333333333333,0.21818181818181817,1.0,0.2668122714055797,34,86,0,24,2,0.5,26
0.9475694444444446,0.7704721465331424,0.8819444444444444,0.5945945945945946,0.9166666666666666,0.7213114754098361,0.9166666666666666,0.875,0.5945945945945946,0.9813084112149533,0.15716660453787615,105,15,2,22,3,0.5,67
0.867361111111111,0.6706969399620407,0.16666666666666666,0.16666666666666666,1.0,0.2857142857142857,1.0,0.0,0.16666666666666666,,0.3425359146098937,0,120,0,24,4,0.5,6
0.8892361111111112,0.6947428309835707,0.16666666666666666,0.16666666666666666,1.0,0.2857142857142857,1.0,0.0,0.16666666666666666,,0.3639495747204723,0,120,0,24,5,0.5,2
