feature,mean,std
hemoglobin,0.10597609,0.029003063
map,0.10283216,0.012303071
pao2,0.10143103,0.0050154733
oxygenation_index,0.09914457,0.014738066
base_excess,0.09374423,0.01731728
lactate,0.07953314,0.022342322
spo2,0.066132925,0.011393339
fio2,0.063360885,0.004780355
heart_rate,0.056103766,0.007285146
pco2,0.055300903,0.008083169
sbp,0.05130589,0.004760728
dbp,0.044060428,0.0047347858
resp_rate,0.040915873,0.0027153783
ph,0.040158138,0.00588676
