{
  "cv_summary": {
    "auroc_mean": 0.9043749999999999,
    "auroc_std": 0.03982367943413618,
    "auprc_mean": 0.7039318814439058,
    "auprc_std": 0.09532830213265606,
    "accuracy_mean": 0.4916666666666666,
    "accuracy_std": 0.35106896942950727,
    "f1_mean": 0.4615330839945472,
    "f1_std": 0.21099865030876905,
    "precision_mean": 0.3315475306172981,
    "precision_std": 0.2054543034150495,
    "recall_mean": 0.9666666666666666,
    "recall_std": 0.04564354645876387,
    "sensitivity_mean": 0.9666666666666666,
    "sensitivity_std": 0.04564354645876387,
    "specificity_mean": 0.39666666666666667,
    "specificity_std": 0.43005975037067684,
    "ppv_mean": 0.3315475306172981,
    "ppv_std": 0.2054543034150495,
    "npv_mean": 0.9871688103389777,
    "npv_std": 0.011125997184987196,
    "brier_mean": 0.2589222791704836,
    "brier_std": 0.0967222697792502,
    "global_optimal_threshold": 0.6500000000000001,
    "global_auroc": 0.8293194444444445,
    "global_auprc": 0.5957136418205242,
    "global_accuracy": 0.875,
    "global_precision": 0.6442307692307693,
    "global_recall": 0.5583333333333333,
    "global_f1": 0.5982142857142857,
    "global_sensitivity": 0.5583333333333333,
    "global_specificity": 0.9383333333333334,
    "global_ppv": 0.6442307692307693,
    "global_npv": 0.913961038961039,
    "global_brier": 0.2589222791173701,
    "global_tn": 563,
    "global_fp": 37,
    "global_fn": 53,
    "global_tp": 67,
    "auroc_opt_mean": 0.9043749999999999,
    "auroc_opt_std": 0.03982367943413618,
    "auprc_opt_mean": 0.7039318814439058,
    "auprc_opt_std": 0.09532830213265606,
    "accuracy_opt_mean": 0.8833333333333334,
    "accuracy_opt_std": 0.03380739290177248,
    "f1_opt_mean": 0.6683246421098084,
    "f1_opt_std": 0.08323872596380191,
    "precision_opt_mean": 0.6500297328119908,
    "precision_opt_std": 0.11600630181643551,
    "recall_opt_mean": 0.7000000000000001,
    "recall_opt_std": 0.09947780321927768,
    "sensitivity_opt_mean": 0.7000000000000001,
    "sensitivity_opt_std": 0.09947780321927768,
    "specificity_opt_mean": 0.9199999999999999,
    "specificity_opt_std": 0.03754626775356269,
    "ppv_opt_mean": 0.6500297328119908,
    "ppv_opt_std": 0.11600630181643551,
    "npv_opt_mean": 0.9390706407658506,
    "npv_opt_std": 0.018952948729165132,
    "mean_optimized_threshold": 0.6100000000000001
  },
  "global_optimal_threshold": 0.6500000000000001,
  "global_optimal_metrics": {
    "auroc": 0.8293194444444445,
    "auprc": 0.5957136418205242,
    "accuracy": 0.875,
    "precision": 0.6442307692307693,
    "recall": 0.5583333333333333,
    "f1": 0.5982142857142857,
    "sensitivity": 0.5583333333333333,
    "specificity": 0.9383333333333334,
    "ppv": 0.6442307692307693,
    "npv": 0.913961038961039,
    "brier": 0.2589222791173701,
    "tn": 563,
    "fp": 37,
    "fn": 53,
    "tp": 67
  },
  "best_params": {
    "n_estimators": 327,
    "max_depth": 10,
    "learning_rate": 0.011712393993437984,
    "subsample": 0.9587148865535015,
    "colsample_bytree": 0.6268458059914104,
    "min_child_weight": 2,
    "gamma": 0.00956226597287767,
    "reg_alpha": 0.0028852763202773966,
    "reg_lambda": 3.221402503051839e-08
  },
  "config": {
    "data_file": "cohort_features_downsampled.csv",
    "n_folds": 5,
    "n_optuna_trials": 200,
    "recall_weight": 0.5,
    "scale_pos_weight_multiplier": 2.0,
    "min_recall_target": 0.45,
    "min_accuracy_target": 0.85
  },
  "baseline_comparison": {
    "baseline_auroc": 0.91,
    "baseline_auprc": 0.764,
    "baseline_accuracy": 0.885,
    "baseline_f1": 0.557,
    "baseline_precision": 0.779,
    "baseline_recall": 0.442
  }
}