auroc,auprc,accuracy,precision,recall,f1,sensitivity,specificity,ppv,npv,brier,fold,best_iteration
0.843047619047619,0.6377627612159424,0.863013698630137,0.5217391304347826,0.5714285714285714,0.5454545454545454,0.5714285714285714,0.912,0.5217391304347826,0.926829268292683,0.10339655642199955,1,34
0.8575498575498575,0.6007507012684337,0.7847222222222222,0.45,0.6666666666666666,0.5373134328358209,0.6666666666666666,0.811965811965812,0.45,0.9134615384615384,0.1923824724942917,2,5
0.9466666666666667,0.7543660641894337,0.8859060402684564,0.6842105263157895,0.5416666666666666,0.6046511627906976,0.5416666666666666,0.952,0.6842105263157895,0.9153846153846154,0.07526464099459168,3,156
0.890471668249446,0.6968369737460178,0.875,0.68,0.6296296296296297,0.6538461538461539,0.6296296296296297,0.9316239316239316,0.68,0.9159663865546218,0.09381603166852472,4,115
0.8571428571428572,0.6530445286536788,0.8613138686131386,0.5454545454545454,0.5714285714285714,0.5581395348837209,0.5714285714285714,0.9137931034482759,0.5454545454545454,0.9217391304347826,0.10143011216798921,5,171
