feature,mean,std
base_excess,0.1167963,0.022975026
pao2,0.10433002,0.016743513
hemoglobin,0.09889148,0.015294295
map,0.08786793,0.016050799
oxygenation_index,0.08142938,0.016247291
lactate,0.076041475,0.016098084
fio2,0.07154508,0.008516293
spo2,0.064202726,0.015522558
sbp,0.06308572,0.0077308794
heart_rate,0.057127666,0.006416523
pco2,0.04566818,0.011127128
ph,0.044557426,0.002787699
resp_rate,0.04428576,0.0033578803
dbp,0.044170905,0.008755143
